Model,Environment,MeanReward,StdReward,MedianReward,P25,P75,CI95_Lower,CI95_Upper,MeanEpisodeLen,EvalTimeSec
PPO,CartPole-v1,500.0,0.0,500.0,500.0,500.0,500.0,500.0,500.0,5.064698934555054
DDPG,BipedalWalker-v3,-132.07724782557088,19.67583281777007,-127.87237245747014,-137.7551611266934,-121.91685611101782,-136.13778761401295,-128.40094909982895,213.76,5.229157447814941
DQN,LunarLander-v2,-509.3718102742891,118.42852463295362,-524.2881724464398,-612.1833695265407,-398.20183492497335,-531.4937605806001,-486.9443853457017,119.68,1.1275262832641602
PPO,LunarLander-v2,-421.6004396575193,144.33419910129933,-453.29929419847934,-534.795051083292,-287.73130801141343,-448.1465338158274,-394.4695377530373,848.51,15.187502384185791
TD3,BipedalWalker-v3,-110.3761580744433,5.644125637858859,-108.86656253109996,-109.4262523478161,-108.67677617495058,-111.6698469419357,-109.54615144197629,83.78,3.614682197570801
DQN,CartPole-v1,10.51,2.0173993159511086,10.0,9.0,11.0,10.14,10.91,10.51,0.12762737274169922
TD3,Pendulum-v1,-143.45331043965115,80.88747378886872,-125.22299851908092,-157.51965607142597,-118.3196830487554,-160.05929505005798,-127.53817701667933,200.0,4.137297868728638
DDPG,Pendulum-v1,-159.62482150805926,87.22862914157163,-125.89394227366367,-236.35187029360284,-120.14754794516975,-175.6157936758778,-142.61283085692395,200.0,3.7893404960632324
