episode,reward,steps
1,8.0,8
2,10.0,10
3,10.0,10
4,8.0,8
5,9.0,9
6,9.0,9
7,10.0,10
8,10.0,10
9,9.0,9
10,9.0,9
11,10.0,10
12,10.0,10
13,10.0,10
14,9.0,9
15,10.0,10
16,9.0,9
17,9.0,9
18,10.0,10
19,9.0,9
20,9.0,9
21,9.0,9
22,8.0,8
23,10.0,10
24,10.0,10
25,9.0,9
26,10.0,10
27,10.0,10
28,10.0,10
29,10.0,10
30,10.0,10
average,9.433333333333334,9.433333333333334
std,0.667499479816693,0.667499479816693
median,10.0,-
max,10.0,-
min,8.0,-
solved_rate,0/30,0.0%
